Force,Length
0.2,2.768989702
4,3.156407138
5.4,3.461582031
6.8,3.756832386
8,4.184100231
5.8,3.831903409
4,3.385529119
3.2,3.212844016
0.8,2.907958097