Force,Length
0,9.591
36.8,13.31673047
23.4,12.0405
13.8,11.03130762
21.8,11.76368298
11,10.833
39,14.067375
6,10.488
28,12.834
38.2,14.076
13,11.316